farm_id,control_plot_id,soil_class,equlidian_distance,similarity_weight,centroid
11674,11674_9,7,0.441921529,0.252006887,"30.09305384361695,77.11651936909144"
11674,11674_26,7,0.514937085,0.216273545,"30.084758528219595,77.11659421746762"
11674,11674_43,7,0.577539389,0.192830604,"30.09338235494714,77.10904836908101"
11674,11674_22,7,0.64927492,0.171525598,"30.09446033328809,77.12270276139962"
11674,11674_5,7,0.665422023,0.167363365,"30.094460333288094,77.12342141362691"
7951,7951_12,7,0.747369843,0.217341201,"30.11027068228859,76.94950757462138"
7951,7951_3,7,0.818438274,0.198468552,"30.115660573993306,76.95381948798516"
7951,7951_17,7,0.830559703,0.195572045,"30.114582595652365,76.95956870580352"
7951,7951_34,7,0.834222572,0.194713335,"30.110270682288593,76.94483633514396"
7951,7951_8,7,0.837700791,0.193904866,"30.11422326953872,76.95453814021246"
21238,21238_11,7,0.513703913,0.209890928,"30.009300044353562,76.91177833268837"
21238,21238_19,7,0.518120513,0.208101761,"30.00095511674932,76.92678778997649"
21238,21238_4,7,0.548688241,0.196508296,"30.006784761558027,76.93261924727994"
21238,21238_7,7,0.555036003,0.194260896,"30.007144087671673,76.9164495721658"
21238,21238_27,7,0.563809094,0.19123812,"30.00031689151236,76.92866666002982"
20873,20873_4,4,0.651792264,0.21223927,"29.657585694881607,76.94431633872165"
20873,20873_1,4,0.676642594,0.204444585,"29.657879105206,76.94699229182586"
20873,20873_42,4,0.696256936,0.198685151,"29.65922504847165,76.94576806254132"
20873,20873_18,4,0.703937423,0.196517346,"29.659397047627333,76.94776643943261"
20873,20873_38,4,0.735384779,0.188113649,"29.657206436385568,76.95054877871567"
10634,10634_46,4,0.300912566,0.210206991,"29.926295712100917,76.68001298938553"
10634,10634_29,4,0.306302332,0.20650814,"29.924499081532673,76.67426377156717"
10634,10634_6,4,0.316010822,0.200163793,"29.933482234373876,76.68037231549917"
10634,10634_0,4,0.324610105,0.194861232,"29.928810994896455,76.68216894606743"
10634,10634_17,4,0.335992655,0.188259844,"29.930248299351046,76.67174848877163"
23003,23003_39,7,0.425935908,0.237634826,"29.605058166499774,76.90423248430176"
23003,23003_5,7,0.490970477,0.206157418,"29.602806148974203,76.90812953193738"
23003,23003_35,7,0.498174764,0.2031761,"29.604500364885098,76.90384419773444"
23003,23003_46,7,0.53101723,0.190610022,"29.60288959429668,76.90387308652318"
23003,23003_2,7,0.623175638,0.162421634,"29.594637709203987,76.9089037237792"
4652,4652_24,7,0.469922291,0.207198341,"29.65680112686506,75.46944331250606"
4652,4652_33,7,0.474514167,0.205193282,"29.653926517955878,75.47698916089266"
4652,4652_34,7,0.49527657,0.19659141,"29.655887955817573,75.47525601579284"
4652,4652_0,7,0.49756339,0.195687868,"29.654645170183173,75.48417568316563"
4652,4652_25,7,0.498477286,0.195329099,"29.654543234271628,75.48288712868273"
11926,11926_16,4,0.364762041,0.216871307,"29.94390269166966,76.78493621457069"
11926,11926_12,4,0.3652799,0.216563847,"29.952167192283557,76.7773903661841"
11926,11926_35,4,0.368862147,0.214460662,"29.94605864835155,76.77918699675232"
11926,11926_43,4,0.448510876,0.176375702,"29.945699322237896,76.78170227954786"
11926,11926_0,4,0.450162772,0.175728482,"29.952167192283557,76.77846834452504"
22320,22320_29,7,0.482857217,0.233809556,"29.607774481525535,76.9133875923435"
22320,22320_49,7,0.566096089,0.199430157,"29.606116943419675,76.90477286035606"
22320,22320_15,7,0.580439796,0.19450188,"29.616556602136505,76.90351383207447"
22320,22320_7,7,0.60553732,0.186440419,"29.602363224706206,76.90132691593845"
22320,22320_23,7,0.607565677,0.185817988,"29.61763458047745,76.9038731581881"
1266,1266_19,4,0.410278048,0.206018919,"29.946777300578834,76.31996822351043"
1266,1266_31,4,0.419206527,0.201631021,"29.9449806700106,76.30811046176004"
1266,1266_26,4,0.427222989,0.197847593,"29.946940228526714,76.31637211615578"
1266,1266_47,4,0.428318915,0.197341366,"29.94390269166966,76.3077511356464"
1266,1266_12,4,0.428710527,0.197161102,"29.941686419629317,76.31582518026781"
6290,6290_45,4,0.432856162,0.249057782,"30.095808694376586,74.58637306047167"
6290,6290_40,4,0.555363668,0.1941182,"30.09590123781475,74.59367833283981"
6290,6290_20,4,0.570276048,0.189042124,"30.09021047044861,74.590448153448"
6290,6290_18,4,0.583993246,0.184601785,"30.09805359442457,74.58226713790961"
6290,6290_39,4,0.588525663,0.18318011,"30.088711115469724,74.58657905127339"
14041,14041_32,4,0.36069516,0.213709458,"29.945803183417553,76.31430756616868"
14041,14041_4,4,0.367561349,0.209717282,"29.939950104419534,76.31565631014665"
14041,14041_36,4,0.368974928,0.208913835,"29.94582739350351,76.31222932395185"
14041,14041_17,4,0.402896092,0.191324684,"29.948226118261868,76.32603981172497"
14041,14041_49,4,0.437145663,0.176334741,"29.94256505746679,76.31975777736824"
9002,9002_35,7,0.650867516,0.214055713,"30.14907790256256,76.96819253253108"
9002,9002_16,7,0.686385824,0.202979003,"30.156983077062808,76.97106714144026"
9002,9002_15,7,0.701642758,0.198565308,"30.147640598107962,76.96316196694"
9002,9002_6,7,0.70863643,0.196605628,"30.157575716280977,76.97578619776695"
9002,9002_17,7,0.741885539,0.187794347,"30.152671163699033,76.95741274912163"
20870,20870_19,7,0.386408093,0.260887787,"29.606871337792896,76.93792990765164"
20870,20870_7,7,0.517201461,0.194912737,"29.597152991999522,76.93441587784818"
20870,20870_43,7,0.518645419,0.194370081,"29.60574594206071,76.93799915918767"
20870,20870_20,7,0.557459802,0.180836631,"29.605620677686588,76.9402650821318"
20870,20870_8,7,0.596529399,0.168992764,"29.605417492613423,76.93944644343924"
15767,15767_21,4,0.329891803,0.22354015,"30.877196223638887,74.52169266364447"
15767,15767_20,4,0.36375509,0.202729983,"30.876353956585714,74.52549361195327"
15767,15767_40,4,0.380538551,0.193788679,"30.874675190615612,74.52002471995597"
15767,15767_23,4,0.386906524,0.190599172,"30.877072608813016,74.52585293806692"
15767,15767_33,4,0.389475429,0.189342016,"30.87599463047207,74.52764956863516"
6279,6279_4,7,0.574621428,0.239197622,"30.106661295432453,76.91499316826392"
6279,6279_11,7,0.682148943,0.201492769,"30.103802812242932,76.92471407277968"
6279,6279_0,7,0.727048251,0.18904946,"30.11422326953872,76.9218394638705"
6279,6279_24,7,0.730816261,0.188074741,"30.09913157276551,76.92112081164319"
6279,6279_27,7,0.754440658,0.182185408,"30.102365507788342,76.9239954205524"
22322,22322_29,7,0.564888417,0.205208843,"29.606809726635593,76.9152481038291"
22322,22322_4,7,0.578060241,0.200532904,"29.614815178700567,76.93523402627885"
22322,22322_13,7,0.582244587,0.199091758,"29.60473660252044,76.92756797764513"
22322,22322_33,7,0.583961664,0.19850635,"29.60110557924965,76.92148013775684"
22322,22322_2,7,0.589443779,0.196660144,"29.606773084141327,76.9406919269678"
20253,20253_11,7,0.575862175,0.229007457,"29.618337983354387,76.95237867559196"
20253,20253_43,7,0.636224111,0.207280312,"29.616915928250155,76.96100601025812"
20253,20253_34,7,0.682289637,0.193285556,"29.60932914528293,76.95312571009639"
20253,20253_42,7,0.708056245,0.186251774,"29.617993906591096,76.95741274912164"
20253,20253_10,7,0.716040738,0.184174901,"29.61647044126549,76.94967772811307"
5214,5214_38,7,0.386906577,0.222831086,"29.376886084333417,76.31170372289651"
5214,5214_33,7,0.433239516,0.199000344,"29.37940136712895,76.31960889739676"
5214,5214_9,7,0.440648166,0.195654536,"29.38155732381084,76.31853091905583"
5214,5214_1,7,0.450640133,0.191316321,"29.376167432106122,76.31278170123747"
5214,5214_30,7,0.450919684,0.191197713,"29.376167432106122,76.31350035346478"
5215,5215_13,7,0.405080455,0.212945702,"29.401679586175113,76.29948663503251"
5215,5215_26,7,0.422021574,0.204397469,"29.394133737788508,76.3077511356464"
5215,5215_12,7,0.434482459,0.198535383,"29.393774411674862,76.29553404778238"
5215,5215_11,7,0.447585844,0.192723123,"29.396289694470397,76.30092393948709"
5215,5215_47,7,0.450683896,0.191398323,"29.397008346697696,76.2940967433278"
6734,6734_45,7,0.585468017,0.208058339,"30.1513822819587,76.99159554439375"
6734,6734_15,7,0.585478237,0.208054707,"30.150155880903498,76.99729794773654"
6734,6734_25,7,0.612036645,0.199026487,"30.149796554789855,76.98256557707698"
6734,6734_12,7,0.632422634,0.192610917,"30.147999924221615,76.9872368165544"
6734,6734_21,7,0.633611385,0.192249549,"30.15482712038092,76.99657929550924"
25316,25316_24,4,0.340118495,0.228507714,"29.913719298123244,76.67785703270364"
25316,25316_19,4,0.389881033,0.19934209,"29.906173449736638,76.67318579322622"
25316,25316_29,4,0.393421997,0.197547927,"29.91551592869148,76.67749770659"
25316,25316_10,4,0.405523742,0.19165265,"29.909766710873114,76.6850435549766"
25316,25316_38,4,0.424814767,0.182949619,"29.907970080304874,76.6692332059761"
15766,15766_40,4,0.249180452,0.238351982,"30.861262259812513,74.52693091640786"
15766,15766_37,4,0.273822236,0.216902234,"30.879228565494902,74.52944619920339"
15766,15766_48,4,0.288748687,0.205689783,"30.879228565494902,74.5287275469761"
15766,15766_11,4,0.332451661,0.178650498,"30.861262259812513,74.52585293806692"
15766,15766_22,4,0.370265692,0.160405503,"30.878509913267603,74.52764956863516"
15148,15148_33,7,0.499134693,0.213709729,"30.180339274449913,77.02029481901"
15148,15148_18,7,0.519080496,0.205497877,"30.17602736108614,77.0149049273053"
15148,15148_6,7,0.540555515,0.197333922,"30.178183317768035,77.01921684066907"
15148,15148_49,7,0.555951336,0.191869204,"30.180698600563566,77.01526425341892"
15148,15148_39,7,0.556763651,0.191589268,"30.172793426063315,77.02676268905566"
23607,23607_42,7,0.527655451,0.225526583,"29.61574410256883,76.9234641012706"
23607,23607_19,7,0.593713244,0.200434018,"29.61488157803906,76.93719648385272"
23607,23607_29,7,0.616267068,0.193098637,"29.615837949909206,76.9390871173256"
23607,23607_3,7,0.621333298,0.191524149,"29.610720125415522,76.92105290002765"
23607,23607_41,7,0.628246538,0.189416613,"29.615693604867595,76.9297759742692"
22257,22257_22,7,0.516397224,0.219187948,"29.60398018815883,76.9466329657122"
22257,22257_30,7,0.569016532,0.198918734,"29.601872689837005,76.93723200496888"
22257,22257_11,7,0.575144615,0.196799283,"29.58924781749927,76.9405244217802"
22257,22257_38,7,0.586607975,0.192953476,"29.594997035317633,76.93729048675736"
22257,22257_47,7,0.589089826,0.192140558,"29.60757344929531,76.94411768291667"
25500,25500_6,7,0.407364891,0.220048082,"29.663268996910716,75.40871719929959"
25500,25500_0,7,0.446124749,0.200930038,"29.663268996910716,75.41195113432241"
25500,25500_10,7,0.450348397,0.199045591,"29.663268996910716,75.39650011143554"
25500,25500_35,7,0.463786024,0.193278491,"29.662191018569775,75.40332730759488"
25500,25500_32,7,0.480133478,0.186697798,"29.662191018569775,75.4022493292539"
21799,21799_40,4,0.315133348,0.2421728,"29.605417492613423,76.7622986694109"
21799,21799_35,4,0.361885441,0.21088642,"29.602472745163176,76.76002623440112"
21799,21799_26,4,0.404236957,0.188792053,"29.604570479165652,76.76837337460974"
21799,21799_19,4,0.424286549,0.179870716,"29.605127521472536,76.76410884331665"
21799,21799_20,4,0.42807705,0.178278011,"29.602593088703564,76.76590646597259"
12186,12186_8,4,0.562709482,0.22000968,"29.55511183670273,74.66275618736672"
12186,12186_31,4,0.613995515,0.201632634,"29.55403385836179,74.65485101286647"
12186,12186_7,4,0.623430982,0.198580976,"29.55475251058908,74.66491214404863"
12186,12186_14,4,0.647175374,0.191295185,"29.55511183670273,74.65700696954838"
12186,12186_34,4,0.656836432,0.188481526,"29.550081271111658,74.66131888291214"
19992,19992_24,7,0.376702727,0.25748262,"29.60433951427248,76.95399915104198"
19992,19992_48,7,0.402717335,0.240849839,"29.60398018815883,76.9548974663261"
19992,19992_5,7,0.567980029,0.170770802,"29.602902209817888,76.95130420518964"
19992,19992_18,7,0.576162529,0.168345563,"29.611885362659084,76.9520228574169"
19992,19992_39,7,0.59670073,0.162551176,"29.600027600908703,76.9548974663261"
25931,25931_41,4,0.293286446,0.219413924,"30.556194389325523,75.4795044436882"
25931,25931_15,4,0.316473418,0.203338184,"30.557991019893766,75.47303657364255"
25931,25931_43,4,0.324466584,0.19832899,"30.56517754216672,75.48345703093833"
25931,25931_3,4,0.33543574,0.191843392,"30.556913041552818,75.4802230959155"
25931,25931_25,4,0.343984791,0.18707551,"30.56481821605307,75.48345703093833"
22092,22092_2,7,0.448184449,0.21996371,"29.602993285432806,76.9383709886395"
22092,22092_14,7,0.456155562,0.216119943,"29.600748776677204,76.9434892415451"
22092,22092_13,7,0.511662378,0.192674542,"29.618284941394087,76.94747033100047"
22092,22092_33,7,0.519092044,0.189916827,"29.610448058204486,76.93477520396183"
22092,22092_29,7,0.543688549,0.181324978,"29.61943121104569,76.94339903068939"
19399,19399_3,7,0.700925148,0.212349791,"29.616197276022863,76.91105968046107"
19399,19399_30,7,0.732954948,0.203070202,"29.615837949909206,76.9142936154839"
19399,19399_40,7,0.746182177,0.199470469,"29.621587167727576,76.90782574543825"
19399,19399_9,7,0.77103807,0.193040156,"29.608471710424155,76.9114834810602"
19399,19399_22,7,0.77493512,0.192069381,"29.615837949909206,76.91357496325661"
26197,26197_27,7,0.581763531,0.202938291,"30.986667073475598,74.60598266141038"
26197,26197_21,7,0.586379918,0.201340621,"30.98558909513466,74.60310805250121"
26197,26197_5,7,0.588970406,0.200455057,"30.989541682384782,74.61209120534241"
26197,26197_11,7,0.594278192,0.198664696,"30.977324594520752,74.61101322700145"
26197,26197_42,7,0.600515233,0.196601335,"30.976965268407113,74.61029457477416"
1704,1704_43,4,0.340919829,0.239192066,"29.952498639469017,76.36854580273737"
1704,1704_25,4,0.350225628,0.232836525,"29.955401127306384,76.3587754437844"
1704,1704_40,4,0.447490004,0.182228246,"29.952885844510853,76.35410420430696"
1704,1704_23,4,0.467190873,0.174543903,"29.95180786616991,76.36200937880722"
1704,1704_49,4,0.476318169,0.171199261,"29.951448540056262,76.36739927051194"
25461,25461_18,7,0.565256478,0.208613125,"29.624461776636757,76.92938531225711"
25461,25461_21,7,0.575557537,0.204879465,"29.61943121104569,76.92507339889332"
25461,25461_11,7,0.596160203,0.197799048,"29.613151035680794,76.92035760801012"
25461,25461_38,7,0.604331268,0.195124639,"29.61763458047745,76.9239954205524"
25461,25461_36,7,0.609141711,0.193583723,"29.619071884932044,76.9239954205524"
7639,7639_22,7,0.648134669,0.222196273,"30.13218957522111,76.97753501148591"
7639,7639_28,7,0.677235787,0.212648402,"30.12212844403897,76.97358242423577"
7639,7639_44,7,0.735724145,0.195743349,"30.118894509016144,76.98579951209982"
7639,7639_33,7,0.766168648,0.187965285,"30.126081031289097,76.97322309812213"
7639,7639_24,7,0.793693767,0.181446691,"30.126709740034293,76.98500091011066"
23212,23212_15,7,0.509703566,0.213742646,"29.841854075393684,76.5804796559051"
23212,23212_16,7,0.51682458,0.210797616,"29.849759249893932,76.57868302533686"
23212,23212_22,7,0.542573837,0.200793665,"29.847962619325695,76.58479156926886"
23212,23212_23,7,0.550031583,0.198071151,"29.845447336530153,76.58191696035968"
23212,23212_35,7,0.616922546,0.176594922,"29.845088010416514,76.58012032979144"
13258,13258_22,4,0.444948789,0.213357248,"30.356805225497567,74.65861614382031"
13258,13258_27,4,0.454285527,0.208972206,"30.356409070137342,74.65988157845754"
13258,13258_11,4,0.475459899,0.199665732,"30.357127722364638,74.65988157845754"
13258,13258_36,4,0.493394864,0.192407858,"30.35820570070558,74.64694583836622"
13258,13258_41,4,0.511501109,0.185596956,"30.357127722364638,74.65700696954838"
24231,24231_39,7,0.47108217,0.246407328,"29.592122426408448,76.94699229182586"
24231,24231_4,7,0.583006791,0.199102482,"29.591763100294806,76.9459143134849"
24231,24231_20,7,0.606638144,0.191346522,"29.598949622567755,76.93333789950722"
24231,24231_1,7,0.630622564,0.184069054,"29.593200404749396,76.94555498737125"
24231,24231_3,7,0.648210802,0.179074614,"29.600746253136002,76.94555498737125"
16283,16283_22,4,0.352238216,0.226440708,"30.90474071956389,74.49135763115673"
16283,16283_15,4,0.357116016,0.223347784,"30.896835545063645,74.48524908722473"
16283,16283_21,4,0.420203461,0.189815359,"30.89396093615446,74.49602887063415"
16283,16283_46,4,0.427694779,0.186490635,"30.893960936154464,74.49854415342969"
16283,16283_14,4,0.458646016,0.173905514,"30.904022067336598,74.485967739452"
17162,17162_21,7,0.330209028,0.212333077,"29.827121704734118,76.66492129261232"
17162,17162_43,7,0.333085312,0.210499522,"29.826762378620472,76.66420264038501"
17162,17162_32,7,0.342567418,0.204672993,"29.827840356961417,76.66887387986246"
17162,17162_17,7,0.372581847,0.188184957,"29.828559009188705,76.67102983654434"
17162,17162_12,7,0.380416187,0.184309451,"29.82766089477128,76.66302190178938"
8093,8093_48,4,0.367753758,0.229601933,"29.95233823212115,76.65448275831025"
8093,8093_21,4,0.372133145,0.226899901,"29.94965190948802,76.65701611811207"
8093,8093_41,4,0.457758777,0.184457356,"29.95228463437939,76.66651883315903"
8093,8093_32,4,0.460167516,0.183491817,"29.95001123560167,76.65989072702124"
8093,8093_15,4,0.48098808,0.175548994,"29.94605864835155,76.65773477033937"
5212,5212_2,7,0.362454112,0.236518628,"29.40132026006147,76.33541924639727"
5212,5212_8,7,0.444735365,0.192759911,"29.40599149953889,76.34404307312482"
5212,5212_9,7,0.446880563,0.191834589,"29.400960933947815,76.34583970369307"
5212,5212_26,7,0.449035045,0.190914162,"29.402757564516058,76.33757520307917"
5212,5212_16,7,0.456061676,0.18797271,"29.403476216743353,76.3393718336474"
10340,10340_19,7,0.430403525,0.212010523,"30.246814605474757,74.8082832633941"
10340,10340_49,7,0.458431745,0.199048337,"30.25040786661124,74.8205003512581"
10340,10340_37,7,0.458509129,0.199014743,"30.249329888270296,74.81007989396234"
10340,10340_33,7,0.461688968,0.197644048,"30.256875736656898,74.81726641623528"
10340,10340_24,7,0.474562938,0.192282349,"30.255797758315953,74.81834439457623"
11314,11314_10,4,0.377194086,0.233368242,"30.98810437793019,74.61927772761534"
11314,11314_41,4,0.422642646,0.208273163,"30.99672820465773,74.60921659643321"
11314,11314_43,4,0.43887386,0.200570434,"30.997087530771385,74.60885727031956"
11314,11314_28,4,0.491795251,0.178987334,"30.989541682384782,74.61532514036521"
11314,11314_5,4,0.49230824,0.178800827,"30.987385725702893,74.6181997492744"
2839,2839_20,7,0.424316118,0.210629925,"29.684469237615936,76.18917351814262"
2839,2839_3,7,0.442125756,0.202145364,"29.684109911502293,76.19132947482453"
2839,2839_31,7,0.442288281,0.202071083,"29.684828563729585,76.18917351814262"
2839,2839_19,7,0.447491009,0.199721716,"29.680516650365814,76.19132947482453"
2839,2839_30,7,0.481975679,0.185431912,"29.672611475865562,76.17695643027858"
725,725_16,7,0.478580952,0.210147718,"29.570922185703232,74.68503440641288"
725,725_29,7,0.488282333,0.205972423,"29.561295027192532,74.68612042909976"
725,725_13,7,0.491169478,0.204761696,"29.569844207362294,74.68575305864017"
725,725_10,7,0.507050593,0.198348442,"29.570922185703232,74.68395642807194"
725,725_28,7,0.55635808,0.180769721,"29.55870509783921,74.67353597077616"
7729,7729_31,7,0.563626527,0.219592184,"30.06140233083249,76.90243585373352"
7729,7729_49,7,0.599208297,0.206552514,"30.056670166776037,76.90720618673456"
7729,7729_41,7,0.635666607,0.194705807,"30.05826330438633,76.91071249816045"
7729,7729_5,7,0.639371364,0.193577609,"30.066432896423557,76.91537159382484"
7729,7729_47,7,0.666954366,0.185571886,"30.063940608233306,76.91367123360835"
26291,26291_22,7,0.535273914,0.207881008,"30.118175856788845,74.84277857030429"
26291,26291_4,7,0.552557752,0.201378554,"30.11868830383902,74.84047470543867"
26291,26291_42,7,0.56233095,0.197878635,"30.121409791811672,74.84673115755442"
26291,26291_28,7,0.563022248,0.197635673,"30.121409791811672,74.84493452698618"
26291,26291_2,7,0.569971244,0.195226131,"30.118894509016144,74.83846665694051"
5664,5664_6,7,0.446771546,0.220340326,"29.651770561273995,76.880516960801"
5664,5664_33,7,0.462770095,0.212722882,"29.649275526959133,76.88243474457943"
5664,5664_13,7,0.515366789,0.191013062,"29.648030414234082,76.88388748864998"
5664,5664_15,7,0.515664747,0.190902692,"29.650970126689607,76.88752504884033"
5664,5664_2,7,0.532057271,0.185021038,"29.642787408432795,76.874408416869"
26332,26332_23,7,0.411738432,0.214129645,"29.813107986301855,76.67031118431704"
26332,26332_46,7,0.43833906,0.201135177,"29.812030007960914,76.67785703270364"
26332,26332_1,7,0.441906012,0.199511665,"29.80448415957431,76.66132803147585"
26332,26332_42,7,0.457366634,0.19276746,"29.809732906420912,76.6617186463043"
26332,26332_20,7,0.458106688,0.192456052,"29.813826638529147,76.66528061872599"
11978,11978_40,7,0.386227255,0.211256047,"29.67656406311569,75.47159926918795"
11978,11978_4,7,0.388878857,0.20981558,"29.683190971203462,75.48570188042456"
11978,11978_17,7,0.401189302,0.203377415,"29.676531230364528,75.4871009502289"
11978,11978_10,7,0.431592691,0.189050567,"29.674048780320156,75.48381635705198"
11978,11978_2,7,0.43749422,0.186500391,"29.67492150719499,75.4904686813212"
15510,15510_22,7,0.307069057,0.220505641,"29.800890898437828,76.63833116020238"
15510,15510_25,7,0.328779597,0.205944834,"29.80448415957431,76.63078531181577"
15510,15510_29,7,0.334153065,0.202633064,"29.80125022455148,76.63509722517955"
15510,15510_40,7,0.335515433,0.201810268,"29.801968876778776,76.6347378990659"
15510,15510_42,7,0.400402008,0.169106193,"29.80125022455148,76.63258194238402"
17887,17887_2,7,0.356380343,0.231479281,"29.700638912730092,76.74145775481932"
17887,17887_13,7,0.371350543,0.222147691,"29.70460380028475,76.75111080027843"
17887,17887_4,7,0.445736921,0.185074787,"29.704662290506167,76.76359976629743"
17887,17887_41,7,0.453246847,0.18200825,"29.710729862852116,76.7546642650195"
17887,17887_11,7,0.460118632,0.179289991,"29.704591499980218,76.74792562486496"
26333,26333_18,7,0.288040575,0.239893278,"29.814185964642792,76.66276533593043"
26333,26333_32,7,0.346210603,0.199586601,"29.799094267869588,76.65701611811207"
26333,26333_46,7,0.356944779,0.193584559,"29.804843485687957,76.66456196649868"
26333,26333_13,7,0.357845018,0.193097554,"29.805562137915253,76.66456196649868"
26333,26333_45,7,0.397490734,0.173838009,"29.80448415957431,76.66132803147585"
4553,4553_10,4,0.451298372,0.211219551,"30.00139486985331,76.71163368738654"
4553,4553_27,4,0.461372698,0.206607456,"29.996364304262237,76.71953886188678"
4553,4553_45,4,0.477126264,0.199785773,"29.997082956489535,76.71558627463666"
4553,4553_39,4,0.485277608,0.196429915,"29.990974412557524,76.71774223131857"
4553,4553_49,4,0.512607127,0.185957304,"29.99780160871683,76.71378964406843"
4547,4547_36,4,0.384048122,0.226769014,"30.009659370467205,76.75367484268332"
4547,4547_29,4,0.401493111,0.216915836,"30.007503413785322,76.75151888600145"
4547,4547_6,4,0.451361506,0.192950025,"30.01217465326274,76.75906473438805"
4547,4547_48,4,0.472828217,0.184189967,"30.00606610933073,76.75870540827441"
4547,4547_0,4,0.48606188,0.179175158,"30.003550826535186,76.75762742993345"
7516,7516_22,7,0.688970769,0.21703139,"30.057809069696017,76.94950757462138"
7516,7516_12,7,0.742741378,0.201319447,"30.05613772491506,76.95528688660363"
7516,7516_19,7,0.757027103,0.197520384,"30.066792222537206,76.9577720752353"
7516,7516_4,7,0.766280657,0.195135141,"30.06319896140073,76.94555498737125"
7516,7516_41,7,0.791181575,0.188993638,"30.052308232048215,76.94744023865837"
13798,13798_3,7,0.376539882,0.207515336,"29.774660092141538,76.68324692440837"
13798,13798_15,7,0.385389085,0.202750424,"29.782205940528144,76.67893501104459"
13798,13798_40,7,0.39198363,0.199339447,"29.780768636073553,76.68252827218107"
13798,13798_10,7,0.396402076,0.197117536,"29.777894027164372,76.68755883777212"
13798,13798_27,7,0.404278295,0.193277257,"29.77664906289881,76.68072046770624"
999,999_1,7,0.484693846,0.228292541,"29.652489213501287,76.91537159382484"
999,999_21,7,0.52774733,0.209668497,"29.65356719184223,76.91213765880201"
999,999_47,7,0.572351348,0.193328783,"29.650706284525754,76.9188760645494"
999,999_19,7,0.593405802,0.186469342,"29.65141123516034,76.9150122677112"
999,999_9,7,0.607174503,0.182240837,"29.65052273755201,76.92477068790669"
9920,9920_45,4,0.504823074,0.23009319,"29.932044929919286,76.30236124394168"
9920,9920_22,4,0.549823327,0.211261228,"29.933841560487515,76.2973306783506"
9920,9920_1,4,0.568019473,0.204493607,"29.933841560487515,76.29804933057792"
9920,9920_46,4,0.648502067,0.179114851,"29.934040920109982,76.2893001967656"
9920,9920_26,4,0.663609802,0.175037124,"29.941746734987767,76.29804933057792"
26292,26292_24,7,0.551284639,0.213029296,"30.146921945880667,74.85679228873656"
26292,26292_42,7,0.576055829,0.203868744,"30.132548901334758,74.86433813712316"
26292,26292_33,7,0.589060285,0.199368013,"30.14404733697149,74.87332128996435"
26292,26292_28,7,0.608551756,0.1929824,"30.133626879675703,74.86721274603234"
26292,26292_18,7,0.61566881,0.190751548,"30.14404733697149,74.87403994219166"
14383,14383_32,4,0.377633159,0.211959432,"29.968336867397706,76.77128182225206"
14383,14383_15,4,0.386828486,0.206920929,"29.968336867397706,76.77092249613843"
14383,14383_21,4,0.412890556,0.193859871,"29.967977541284057,76.77164114836572"
14383,14383_37,4,0.412934673,0.193839159,"29.96725888905676,76.76876653945654"
14383,14383_41,4,0.413828241,0.193420608,"29.968696193511356,76.77415643116126"
7892,7892_34,7,0.258672351,0.247477572,"29.721479827321662,76.69797929506792"
7892,7892_19,7,0.327626162,0.195392227,"29.721753334695645,76.69225438901613"
7892,7892_44,7,0.334163683,0.191569607,"29.722917131776256,76.70624379568183"
7892,7892_46,7,0.336832593,0.190051696,"29.7239951101172,76.69330805559049"
7892,7892_1,7,0.364742793,0.175508898,"29.716774553262475,76.6965190843072"
12719,12719_11,7,0.447940088,0.232321683,"30.17315275217696,76.9735824242358"
12719,12719_1,7,0.517108318,0.201246415,"30.174949382745197,76.9714264675539"
12719,12719_46,7,0.526374377,0.197703763,"30.173871404404256,76.9714264675539"
12719,12719_23,7,0.554530954,0.187665259,"30.161294990426587,76.97178579366755"
12719,12719_24,7,0.574751682,0.18106288,"30.17171544772237,76.96172466248541"
24056,24056_20,7,0.439531411,0.243214215,"29.624211811599654,76.89324700419075"
24056,24056_26,7,0.528162438,0.202400397,"29.61763458047745,76.8887814614149"
24056,24056_35,7,0.546918944,0.195459104,"29.624461776636757,76.89956124482435"
24056,24056_49,7,0.595413316,0.179539631,"29.6330856033643,76.8923747225514"
24056,24056_5,7,0.59592107,0.179386654,"29.63164829890971,76.90279517984717"
20218,20218_24,4,0.320032056,0.225146775,"29.881739274008584,76.68899614222673"
20218,20218_4,4,0.335445634,0.214801381,"29.878864665099403,76.67641972824904"
20218,20218_8,4,0.372154528,0.19361362,"29.880301969553997,76.68576220720391"
20218,20218_17,4,0.391284754,0.184147694,"29.868084881689974,76.68648085943119"
20218,20218_12,4,0.395271136,0.182290531,"29.876349382303864,76.69043344668131"
25349,25349_3,7,0.381298422,0.218225679,"29.589966469726562,74.96387147060359"
25349,25349_32,7,0.39700306,0.209593113,"29.59427838309034,74.96566810117184"
25349,25349_29,7,0.399128411,0.208477033,"29.591044448067507,74.95452899164874"
25349,25349_33,7,0.456261919,0.182371361,"29.58242062133996,74.96602742728548"
25349,25349_25,7,0.458875068,0.181332814,"29.592481752522108,74.96423079671725"
5706,5706_2,4,0.453678755,0.211090943,"29.569713088742123,74.65670746526627"
5706,5706_38,4,0.457564668,0.209298233,"29.560861054521087,74.65089842561636"
5706,5706_37,4,0.48611721,0.197004908,"29.562163302997867,74.65230715638975"
5706,5706_25,4,0.49677065,0.192780061,"29.559783076180146,74.65125775173"
5706,5706_42,4,0.504501752,0.189825855,"29.56004350891402,74.65024734378169"
14341,14341_18,4,0.36962965,0.226924715,"29.67476743254745,75.51399975059839"
14341,14341_19,4,0.398773356,0.210340289,"29.67584541088839,75.5028606410753"
14341,14341_23,4,0.432729597,0.193834911,"29.681953954820404,75.5193896423031"
14341,14341_11,4,0.442090823,0.189730478,"29.67339513558481,75.52118627287135"
14341,14341_30,4,0.468149173,0.179169606,"29.67214470889941,75.52244730789687"
10696,10696_23,7,0.412952429,0.204656048,"30.248970562156643,74.82265630794001"
10696,10696_2,7,0.41836462,0.202008507,"30.264062258929858,74.82804619964472"
10696,10696_8,7,0.421755958,0.200384157,"30.248251909929348,74.82876485187202"
10696,10696_29,7,0.42865985,0.197156819,"30.25156585890015,74.81691287091192"
10696,10696_3,7,0.431642492,0.195794469,"30.26478091115715,74.81942237291717"
14209,14209_32,7,0.381420353,0.220569729,"29.967254096922147,76.36387206487565"
14209,14209_18,7,0.411001348,0.204694666,"29.958994388442864,76.35015161705684"
14209,14209_1,7,0.434483128,0.193631878,"29.96330630180664,76.3587754437844"
14209,14209_37,7,0.440019442,0.191195606,"29.95827573621557,76.35158892151142"
14209,14209_38,7,0.44300256,0.189908121,"29.966180910715824,76.34583970369306"
4550,4550_19,4,0.474281466,0.210808293,"30.00606610933073,76.71019638293195"
4550,4550_33,4,0.495707349,0.201696559,"30.000143594873304,76.71651517268741"
4550,4550_39,4,0.504166819,0.19831227,"29.999957565398713,76.71917953577314"
4550,4550_42,4,0.508305869,0.196697446,"30.003550826535186,76.71702357909125"
4550,4550_20,4,0.519428743,0.192485433,"29.99744228260318,76.71343031795479"
10251,10251_10,4,0.410064541,0.235263121,"30.901506784541073,74.52369698138503"
10251,10251_33,4,0.486716073,0.1982122,"30.895038914495405,74.52225967693045"
10251,10251_48,4,0.49520468,0.194814524,"30.902225436768365,74.52405630749868"
10251,10251_4,4,0.510686208,0.188908693,"30.898632175631885,74.52908687308974"
10251,10251_13,4,0.527747768,0.182801462,"30.884259131085972,74.52693091640786"
24651,24651_19,7,0.56311976,0.221840994,"30.028703654490545,77.045806973079"
24651,24651_34,7,0.622540481,0.200666545,"30.024391741126767,77.02568471071471"
24651,24651_10,7,0.627872925,0.19896231,"30.028344328376892,77.045806973079"
24651,24651_35,7,0.653623793,0.191123776,"30.029781632831487,77.03933910303334"
24651,24651_21,7,0.666589105,0.187406375,"30.02668209481057,77.03657189963266"
25229,25229_40,7,0.432676314,0.237347962,"30.100928203333755,77.02316942791919"
25229,25229_1,7,0.500734365,0.205088463,"30.101646855561043,77.02316942791919"
25229,25229_10,7,0.51055447,0.201143752,"30.09607873627329,77.02498239495976"
25229,25229_35,7,0.543878342,0.188819509,"30.09985022499281,77.03035595019215"
25229,25229_0,7,0.61273657,0.167600314,"30.090507746037968,77.01921684066907"
1831,1831_28,7,0.456049271,0.219116508,"29.478934700609393,74.75366569411963"
1831,1831_6,7,0.495847389,0.201529596,"29.48416974441772,74.76055999103404"
1831,1831_49,7,0.512147336,0.195115579,"29.47722378088557,74.75932404028359"
1831,1831_48,7,0.51682712,0.19334884,"29.475700765586563,74.75115041132409"
1831,1831_31,7,0.523485765,0.190889477,"29.47462278724562,74.74755715018762"
8024,8024_31,4,0.250369888,0.258012376,"29.95216719228356,76.67102983654434"
8024,8024_4,4,0.294825835,0.219107426,"29.950657646824972,76.66171315864014"
8024,8024_43,4,0.329751176,0.195900832,"29.946777300578837,76.66456196649868"
8024,8024_39,4,0.386497169,0.167138429,"29.94462134389696,76.66168735758949"
8024,8024_15,4,0.404142586,0.159840937,"29.95504180119274,76.65737544422572"
10453,10453_17,7,0.465248863,0.228855872,"30.24106538765639,74.81403248121245"
10453,10453_23,7,0.532721614,0.199869747,"30.24915047975846,74.81894926916746"
10453,10453_20,7,0.551933776,0.192912517,"30.249329888270296,74.81151719841692"
10453,10453_33,7,0.559966647,0.190145136,"30.24968921438394,74.81151719841692"
10453,10453_1,7,0.565703885,0.188216728,"30.250048540497584,74.82301563405366"
10452,10452_11,7,0.461893626,0.206990256,"30.254001127747717,74.82589024296283"
10452,10452_33,7,0.464106305,0.206003407,"30.247892583815702,74.82768687353108"
10452,10452_14,7,0.473152771,0.202064715,"30.242143365997336,74.81618843789434"
10452,10452_22,7,0.488270404,0.195808468,"30.259391019452437,74.81367315509881"
10452,10452_44,7,0.505503547,0.189133153,"30.25521771417836,74.81990716152438"
17671,17671_45,7,0.464245136,0.221821138,"30.164169599335768,76.95561611855341"
17671,17671_18,7,0.502259599,0.205032188,"30.16452892544941,76.94699229182586"
17671,17671_5,7,0.51589195,0.19961425,"30.163091620994816,76.96064668414446"
17671,17671_4,7,0.549021748,0.187568862,"30.16309162099482,76.95453814021246"
17671,17671_26,7,0.553761087,0.185963562,"30.173871404404252,76.94878892239409"
11610,11610_34,7,0.480275834,0.220464513,"30.2148345813601,75.05801491237932"
11610,11610_8,7,0.527907447,0.200572616,"30.200102210700546,75.05981154294756"
11610,11610_43,7,0.529760938,0.199870867,"30.20800738520079,75.06017086906122"
11610,11610_23,7,0.552668227,0.191586512,"30.20980401576904,75.07346593526619"
11610,11610_30,7,0.564696942,0.187505492,"30.21447525524646,75.05765558626567"
11837,11837_48,4,0.36525211,0.248981168,"29.501212919655558,76.85105221948189"
11837,11837_4,4,0.477456558,0.190469469,"29.50408752856474,76.84853693668634"
11837,11837_0,4,0.479393092,0.189700057,"29.495463701837195,76.84099108829975"
11837,11837_45,4,0.488690967,0.186090808,"29.498338310746377,76.84853693668634"
11837,11837_32,4,0.492214958,0.184758499,"29.497619658519078,76.84530300166352"
8186,8186_44,7,0.531096755,0.23752212,"30.11566057399331,76.98508085987253"
8186,8186_27,7,0.643634244,0.1959921,"30.11673855233425,76.98939277323629"
8186,8186_9,7,0.658472181,0.191575636,"30.121050465698026,76.98328422930429"
8186,8186_36,7,0.666973865,0.189133688,"30.11422326953872,76.97537905480402"
8186,8186_7,7,0.679026989,0.185776455,"30.12868625756673,76.98293444909612"
15893,15893_17,7,0.430792788,0.218039975,"30.16812218658589,74.88841298673755"
15893,15893_39,7,0.430792788,0.218039975,"30.168122186585894,74.88805366062391"
15893,15893_32,7,0.490879859,0.191350382,"30.155186446494564,74.89955209626063"
15893,15893_21,7,0.499065217,0.188211972,"30.165606903790355,74.88446039948744"
15893,15893_10,7,0.509498932,0.184357695,"30.1584203815174,74.8963181612378"
26242,26242_23,7,0.277565878,0.229204551,"29.395930368356755,76.43064066651394"
26242,26242_13,7,0.316212919,0.201191534,"29.396289694470397,76.44034247158244"
26242,26242_27,7,0.319092442,0.199375961,"29.403835542857003,76.44177977603704"
26242,26242_37,7,0.343307594,0.185313006,"29.403476216743353,76.43818651490055"
26242,26242_26,7,0.344046617,0.184914948,"29.396289694470397,76.43028134040028"
4032,4032_15,7,0.445044213,0.228327476,"29.68949980320701,76.92040215941591"
4032,4032_33,7,0.504578066,0.201387711,"29.687703172638766,76.91177833268837"
4032,4032_32,7,0.521294847,0.194929649,"29.689140477093364,76.92291744221144"
4032,4032_38,7,0.528800781,0.192162768,"29.690937107661593,76.91213765880201"
4032,4032_27,7,0.554694539,0.183192396,"29.691296433775246,76.9067477670973"
17284,17284_0,7,0.482272144,0.225350726,"30.17710533942709,76.98400288153157"
17284,17284_5,7,0.514700959,0.211152468,"30.17710533942709,76.98364355541793"
17284,17284_38,7,0.53768869,0.202125096,"30.17602736108614,76.98400288153158"
17284,17284_2,7,0.60058605,0.180957213,"30.17854872345718,76.98168885588672"
17284,17284_4,7,0.60239271,0.180414497,"30.176386687199784,76.98975209934996"
5692,5692_32,7,0.398635159,0.210844983,"29.66039438800153,75.51004716334828"
5692,5692_23,7,0.40097937,0.209612338,"29.66941497779906,75.51206649230633"
5692,5692_21,7,0.424630276,0.197937425,"29.669981742184454,75.51194369802286"
5692,5692_22,7,0.436629676,0.192497734,"29.658957083546944,75.51938964230311"
5692,5692_12,7,0.444457329,0.18910752,"29.658957083546944,75.51220312003014"
5080,5080_28,7,0.460845449,0.228249814,"29.597152991999526,76.7428950592739"
5080,5080_37,7,0.480394911,0.218961287,"29.59104444806751,76.74002045036471"
5080,5080_47,7,0.563486527,0.186673297,"29.591044448067507,76.73678651534188"
5080,5080_33,7,0.5668057,0.185580152,"29.58905967264381,76.74041465945575"
5080,5080_35,7,0.582643948,0.180535451,"29.59787164422682,76.73067797140988"
15726,15726_23,4,0.41253595,0.218705828,"30.350380012832968,74.62757878109052"
15726,15726_49,4,0.427118616,0.211238783,"30.35200451418611,74.6286428866688"
15726,15726_42,4,0.455134987,0.198235731,"30.35030052620533,74.63221346770666"
15726,15726_30,4,0.481793464,0.187267,"30.349154988116826,74.62308539277893"
15726,15726_0,4,0.488879531,0.184552657,"30.348339768006976,74.6308724896019"
1966,1966_2,4,0.501588862,0.249485908,"29.94150603878369,76.30444863116557"
1966,1966_38,4,0.606618244,0.206290123,"29.940060885750594,76.31278170123747"
1966,1966_44,4,0.672665955,0.186034913,"29.93491953882846,76.30164259171438"
1966,1966_17,4,0.691402915,0.180993383,"29.93420088660117,76.31026641844193"
1966,1966_20,4,0.706221267,0.177195673,"29.93923145219224,76.31996822351043"
10475,10475_27,7,0.529339678,0.213010003,"30.25364180163407,74.82732754741743"
10475,10475_4,7,0.533335746,0.211414005,"30.24693668270965,74.81243061686543"
10475,10475_36,7,0.578893998,0.194775981,"30.24968921438394,74.82768687353108"
10475,10475_19,7,0.591742262,0.190546887,"30.242143365997336,74.81295450287152"
10475,10475_49,7,0.592655952,0.190253124,"30.250767192724883,74.82589024296283"
8228,8228_1,4,0.431997017,0.217357125,"29.985225194739154,76.74253573316025"
8228,8228_21,4,0.473583508,0.19827048,"29.984718339529017,76.73175368494168"
8228,8228_2,4,0.476036858,0.197248654,"29.97947597692079,76.74253573316025"
8228,8228_39,4,0.481850582,0.194868768,"29.9890947569512,76.73302543686435"
8228,8228_6,4,0.488401563,0.192254973,"29.98669612659856,76.74417480204372"
24129,24129_43,7,0.640901647,0.219514055,"30.19399366676853,77.242717683358"
24129,24129_12,7,0.69592818,0.202157238,"30.18752579672288,77.22690733435749"
24129,24129_48,7,0.711676653,0.197683763,"30.18599957879042,77.2380426415742"
24129,24129_36,7,0.732946123,0.191947149,"30.187099786059445,77.24074707959936"
24129,24129_21,7,0.745567373,0.188697795,"30.188188967039085,77.23809457542862"
25223,25223_20,4,0.311717622,0.287521575,"30.59931352296326,75.47267724752889"
25223,25223_15,4,0.474827897,0.18875374,"30.6093746541454,75.46549072525595"
25223,25223_17,4,0.492167203,0.182103848,"30.602547457986088,75.46980263861971"
25223,25223_45,4,0.510994965,0.175394177,"30.604523751611154,75.46495173608547"
25223,25223_9,4,0.539176702,0.166226659,"30.596798240167722,75.46656870359689"
15725,15725_38,4,0.506720359,0.207446135,"30.348630681295756,74.62871041340146"
15725,15725_9,4,0.511210904,0.205623901,"30.35100437873239,74.62455277718225"
15725,15725_8,4,0.523991749,0.200608465,"30.349941200091678,74.62862020657019"
15725,15725_11,4,0.535545777,0.196280476,"30.349222547864386,74.62143368429723"
15725,15725_10,4,0.553128893,0.190041022,"30.352524157212983,74.62780936372569"
1965,1965_5,4,0.361461789,0.229855419,"29.934907706855224,76.31276519220161"
1965,1965_14,4,0.372044834,0.22331704,"29.93635684328305,76.31385967957841"
1965,1965_49,4,0.422344086,0.196721,"29.9270143643282,76.31278170123747"
1965,1965_0,4,0.461495707,0.180031904,"29.93704343772926,76.31415498300767"
1965,1965_36,4,0.488514645,0.170074637,"29.927797856526425,76.30776264858241"
7327,7327_0,7,0.468022865,0.227275183,"30.142610032516895,76.98544018598618"
7327,7327_9,7,0.50248016,0.211689915,"30.14512531531243,76.97430107646308"
7327,7327_29,7,0.537465169,0.197910467,"30.14045407583501,76.97645703314495"
7327,7327_42,7,0.577943806,0.184049005,"30.135345275815883,76.97895108525607"
7327,7327_48,7,0.593995401,0.179075431,"30.142969358630545,76.98508085987251"
14176,14176_14,7,0.451073979,0.213284559,"30.16790338469418,74.90749839339246"
14176,14176_45,7,0.474285985,0.20284621,"30.16632555601765,74.90458266185172"
14176,14176_9,7,0.490290646,0.196224659,"30.16848151269954,74.89416220455593"
14176,14176_37,7,0.494808798,0.194432911,"30.155186446494564,74.90206737905616"
14176,14176_31,7,0.497936378,0.193211661,"30.168122186585894,74.8977554656924"
1555,1555_21,7,0.339247924,0.2511584,"29.679438672024872,75.46477207302864"
1555,1555_3,7,0.444367747,0.191744262,"29.690102503906445,75.47025783908592"
1555,1555_41,7,0.44699934,0.190615417,"29.67943867202487,75.46333476857404"
1555,1555_49,7,0.461599675,0.184586277,"29.684664753121375,75.46559641219187"
1555,1555_7,7,0.468427742,0.181895644,"29.68715889734615,75.46489890445312"
25022,25022_16,7,0.597458544,0.209629392,"30.070026157560036,76.93585318230276"
25022,25022_43,7,0.60552082,0.206838257,"30.079368636514886,76.95022622684867"
25022,25022_7,7,0.641279232,0.195304736,"30.071982202059537,76.94506481709331"
25022,25022_18,7,0.644414707,0.194354458,"30.08044661485583,76.93621250841642"
25022,25022_38,7,0.646014501,0.193873157,"30.073978744810162,76.92938531225711"
17279,17279_26,7,0.525427848,0.225841351,"30.15806105540375,74.9135658146929"
17279,17279_12,7,0.577381319,0.205519872,"30.154467794267276,74.90781659687454"
17279,17279_35,7,0.605911269,0.19584276,"30.14914548965081,74.91156854073996"
17279,17279_1,7,0.630262434,0.188276071,"30.16452892544941,74.9088945752155"
17279,17279_29,7,0.643092184,0.184519946,"30.149796554789855,74.90961322744278"
23651,23651_9,7,0.36992881,0.217667869,"29.83163654847707,76.53754060185014"
23651,23651_35,7,0.399651708,0.201479474,"29.83394890089343,76.53556389169911"
23651,23651_49,7,0.404241685,0.199191768,"29.826043726393177,76.53879782672195"
23651,23651_31,7,0.408060802,0.197327495,"29.82496574805223,76.5452656967676"
23651,23651_3,7,0.436825983,0.184333394,"29.829277661416004,76.54131310951747"
16413,16413_15,7,0.270743049,0.23097001,"29.82532507416588,76.62288013731552"
16413,16413_21,7,0.30534025,0.204799482,"29.82496574805223,76.6225208112019"
16413,16413_41,7,0.31099035,0.201078667,"29.826043726393177,76.62216148508823"
16413,16413_16,7,0.343517834,0.182038656,"29.826762378620472,76.60455450551949"
16413,16413_45,7,0.345273177,0.181113185,"29.826762378620472,76.61461563670163"
5737,5737_42,7,0.552846438,0.215218137,"29.63703819061443,76.75583079936521"
5737,5737_9,7,0.564488329,0.210779523,"29.636678788283273,76.7651514640259"
5737,5737_29,7,0.601960922,0.197658314,"29.637397516728075,76.7511595598878"
5737,5737_6,7,0.62734403,0.189660816,"29.634522907818898,76.75726810381983"
5737,5737_27,7,0.637350199,0.186683209,"29.641350103978205,76.75583079936521"
4373,4373_47,7,0.488576105,0.203808829,"29.6338042555916,76.73930179813742"
4373,4373_43,7,0.49292035,0.202012605,"29.63847549506902,76.74792562486496"
4373,4373_34,7,0.494642564,0.20130925,"29.635241560046186,76.73642718922824"
4373,4373_19,7,0.497605212,0.200110693,"29.648447406828296,76.73570853700093"
4373,4373_17,7,0.516584535,0.192758623,"29.641350103978205,76.74720697263766"
5252,5252_13,7,0.419224735,0.212978676,"29.736212197981228,76.74181708093295"
5252,5252_6,7,0.423453319,0.210851881,"29.736571524094867,76.74720697263766"
5252,5252_37,7,0.43824681,0.20373435,"29.728666349594622,76.73930179813742"
5252,5252_40,7,0.472560538,0.188940721,"29.738008828549464,76.74037977647836"
5252,5252_27,7,0.486586745,0.183494371,"29.740524111344996,76.73714584145553"
13556,13556_22,7,0.590683066,0.212068998,"30.117457204561546,77.17444572176491"
13556,13556_1,7,0.603324872,0.207625397,"30.127518335743687,77.17300841731031"
13556,13556_13,7,0.628394062,0.199342377,"30.116379226220605,77.17624235233315"
13556,13556_49,7,0.650710352,0.192505875,"30.12895564019828,77.17732033067409"
13556,13556_39,7,0.664689196,0.188457352,"30.126799683516392,77.1683371778329"
12853,12853_32,7,0.333565847,0.235385764,"29.80441362628819,76.6944142472459"
12853,12853_29,7,0.388685282,0.202005724,"29.805160885475498,76.69373752134472"
12853,12853_0,7,0.395637062,0.198456261,"29.806557871766838,76.7033794673338"
12853,12853_35,7,0.428926948,0.18305367,"29.800531572324182,76.69007412056767"
12853,12853_42,7,0.433557521,0.181098581,"29.802687529006068,76.70336918677263"
21902,21902_10,7,0.608174881,0.215224854,"30.048107264627525,76.90818507155188"
21902,21902_19,7,0.635465057,0.205981979,"30.049185242968466,76.91105968046108"
21902,21902_34,7,0.643964901,0.203263174,"30.044154677377396,76.9074664193246"
21902,21902_48,7,0.67421905,0.194142171,"30.040202090127273,76.9067477670973"
21902,21902_43,7,0.721626996,0.181387823,"30.038405459559034,76.90638844098365"
23859,23859_11,7,0.587420076,0.20715639,"30.081165267083122,77.2351718349714"
23859,23859_10,7,0.600363853,0.202690122,"30.074338070923808,77.23984307444881"
23859,23859_3,7,0.600432004,0.202667116,"30.07469739703746,77.23876509610787"
23859,23859_9,7,0.613520109,0.198343658,"30.073619418696524,77.24487364003988"
23859,23859_4,7,0.643365109,0.189142714,"30.079009310401233,77.23337520440316"
21135,21135_29,7,0.569239852,0.203123344,"29.604698840386124,76.94699229182586"
21135,21135_25,7,0.573779441,0.201516287,"29.614323190982418,76.93846233093046"
21135,21135_28,7,0.579341866,0.199581472,"29.600539294600857,76.951063024524"
21135,21135_8,7,0.580395287,0.199219231,"29.606638330170924,76.93588593351996"
21135,21135_44,7,0.588248367,0.196559666,"29.60234227999261,76.94622898887934"
7490,7490_38,7,0.431028124,0.212179864,"29.553674532248138,74.69976677707245"
7490,7490_7,7,0.438353348,0.208634174,"29.565532293998515,74.69329890702679"
7490,7490_14,7,0.448964213,0.203703293,"29.55532838008673,74.70282077755503"
7490,7490_16,7,0.478476142,0.191139078,"29.56229835897568,74.70084475541339"
7490,7490_17,7,0.496114286,0.18434359,"29.560278793959547,74.69928302160284"
25384,25384_14,7,0.318213335,0.26427255,"29.89072242684978,76.6918707511359"
25384,25384_21,7,0.425735722,0.197528761,"29.890722426849788,76.69223007724955"
25384,25384_4,7,0.438833442,0.191633184,"29.89144107907708,76.69546401227238"
25384,25384_46,7,0.482959609,0.174124395,"29.890363100736135,76.69223007724955"
25384,25384_29,7,0.487674019,0.172441111,"29.89072242684978,76.69294872947685"
22561,22561_34,7,0.365395831,0.231560413,"29.815623269097383,76.66384331427138"
22561,22561_21,7,0.398375279,0.212390712,"29.821013160802107,76.66528061872599"
22561,22561_40,7,0.442921463,0.191029825,"29.81813855189292,76.67534174990811"
22561,22561_32,7,0.459349454,0.18419791,"29.826403052506826,76.65593813977112"
22561,22561_1,7,0.46792764,0.18082114,"29.817779225779276,76.6760604021354"
26707,26707_48,7,0.374718252,0.220186312,"29.731231014812412,76.75405852840477"
26707,26707_29,7,0.399435975,0.206560838,"29.730103654049213,76.75583079936521"
26707,26707_45,7,0.418766126,0.197026036,"29.731540958503807,76.7490036032059"
26707,26707_10,7,0.426082481,0.19364286,"29.72812800420391,76.75707425607263"
26707,26707_39,7,0.451889819,0.182583954,"29.72833201387091,76.75007862164563"
25719,25719_6,7,0.428342004,0.218708269,"29.620868515500277,76.94232105234842"
25719,25719_3,7,0.444266642,0.21086872,"29.621041572675786,76.92995218979407"
25719,25719_7,7,0.482362599,0.194214764,"29.620868515500277,76.93872779121195"
25719,25719_45,7,0.491648376,0.190546624,"29.621227841613926,76.93944644343924"
25719,25719_49,7,0.50458429,0.185661623,"29.619790537159336,76.94016509566653"
4672,4672_13,4,0.384628699,0.23703886,"29.71177802225317,76.70049457786345"
4672,4672_20,4,0.462489988,0.197132804,"29.71105937002588,76.70444716511356"
4672,4672_38,4,0.476653715,0.191275019,"29.711418696139525,76.70193188231806"
4672,4672_8,4,0.484939808,0.188006731,"29.715371283389647,76.69761996895427"
4672,4672_9,4,0.488735551,0.186546586,"29.71860521841248,76.70444716511358"
26198,26198_35,4,0.406701741,0.21015477,"30.539306061984075,75.54274583969021"
26198,26198_6,4,0.423432212,0.201851225,"30.550085845393507,75.55065101419046"
26198,26198_33,4,0.430866067,0.198368628,"30.540024714211366,75.54310516580387"
26198,26198_13,4,0.433967015,0.196951169,"30.547211236484333,75.55280697087237"
26198,26198_8,4,0.443600168,0.192674207,"30.556913041552818,75.54633910082669"
7959,7959_23,4,0.337359303,0.214578736,"29.924499081532673,76.68684018554484"
7959,7959_44,4,0.363840271,0.198961299,"29.9291703210101,76.6850435549766"
7959,7959_15,4,0.367169419,0.197157305,"29.91523897358367,76.6887273624159"
7959,7959_30,4,0.37148563,0.194866576,"29.924499081532673,76.68755883777212"
7959,7959_8,4,0.372308121,0.194436084,"29.914078624236883,76.6782163588173"
9551,9551_44,7,0.770839079,0.210518043,"29.96941484573865,76.93118194282535"
9551,9551_46,7,0.783607327,0.207087822,"29.974086085216072,76.92722935557524"
9551,9551_39,7,0.828901086,0.195771893,"29.96725888905676,76.92040215941591"
9551,9551_6,7,0.832438192,0.19494004,"29.96330630180664,76.91501226771119"
9551,9551_14,7,0.84658634,0.191682203,"29.965102932374876,76.93154126893901"
1694,1694_47,7,0.303118803,0.248852676,"29.476778743927508,74.77630323927944"
1694,1694_1,7,0.378397251,0.199345859,"29.48056774073501,74.78143931116648"
1694,1694_35,7,0.393245688,0.191818823,"29.472466830563736,74.78420841377968"
1694,1694_24,7,0.409240443,0.184321776,"29.478891221945595,74.78406252837922"
1694,1694_15,7,0.429417928,0.175660866,"29.47462278724562,74.77630323927944"
11867,11867_48,7,0.424999398,0.208022215,"29.620868515500277,76.73930179813742"
11867,11867_38,7,0.431408414,0.204931831,"29.623383798295812,76.74145775481931"
11867,11867_32,7,0.431891936,0.204702401,"29.613322667113675,76.74181708093296"
11867,11867_33,7,0.446723814,0.197905984,"29.615119297681918,76.74181708093296"
11867,11867_21,7,0.479345485,0.184437569,"29.616556602136505,76.73894247202378"
6112,6112_25,7,0.576000962,0.222961542,"30.06535491808262,77.13240456646813"
6112,6112_41,7,0.622821519,0.206200427,"30.058887048036958,77.13276389258176"
6112,6112_20,7,0.62384328,0.205862702,"30.058887048036958,77.14102839319567"
6112,6112_11,7,0.668904558,0.1919946,"30.05349715633224,77.13276389258176"
6112,6112_42,7,0.742429886,0.172980729,"30.057809069696017,77.14641828490039"
7224,7224_0,7,0.43263286,0.239002227,"30.340781106366908,74.64915390511386"
7224,7224_4,7,0.520280627,0.198739318,"30.338515485207054,74.64853616749497"
7224,7224_15,7,0.524088724,0.197295253,"30.341676699477787,74.64550853391164"
7224,7224_18,7,0.557337701,0.185525251,"30.337530838304584,74.65216423353387"
7224,7224_47,7,0.576244974,0.17943795,"30.340598721136836,74.64478988168435"
21144,21144_8,7,0.291133268,0.216668888,"29.79546581674663,76.69779092039741"
21144,21144_46,7,0.305789584,0.206284074,"29.794151161946964,76.6986520617482"
21144,21144_39,7,0.313351098,0.201306208,"29.790902086151835,76.68887796151287"
21144,21144_20,7,0.334437781,0.188613623,"29.79318717375962,76.6837641268136"
21144,21144_24,7,0.337094335,0.187127207,"29.791739696602114,76.69761754283202"
24996,24996_12,7,0.373927161,0.205680064,"29.570562859589586,74.96854271008102"
24996,24996_31,7,0.383863534,0.200356001,"29.570922185703235,74.96746473174008"
24996,24996_14,7,0.385421756,0.199545982,"29.57487477295336,74.96602742728548"
24996,24996_16,7,0.386373474,0.199054458,"29.572359490157822,74.96710540562643"
24996,24996_37,7,0.393673151,0.195363495,"29.5676882506804,74.96818338396737"
25487,25487_31,4,0.303262816,0.214456302,"30.553319780416338,75.51723368562122"
25487,25487_35,4,0.317503733,0.204837345,"30.559307054271823,75.52550742775472"
25487,25487_44,4,0.324637094,0.200336386,"30.56061762944152,75.52705795011715"
25487,25487_16,4,0.336703984,0.193156675,"30.561737057976817,75.52635043056509"
25487,25487_13,4,0.347393185,0.187213293,"30.56194360714389,75.52226425121229"
14505,14505_13,7,0.554617919,0.215345424,"29.93635684328305,76.93729048675736"
14505,14505_34,7,0.600792662,0.198794757,"29.93851279996494,76.93764981287102"
14505,14505_7,7,0.609897068,0.195827193,"29.946777300578837,76.9247140727797"
14505,14505_8,7,0.612285234,0.195063386,"29.938153473851298,76.92255811609779"
14505,14505_4,7,0.612580893,0.19496924,"29.9449806700106,76.91968350718862"
3731,3731_44,7,0.713982782,0.205317529,"29.5759527512943,77.07203777937528"
3731,3731_47,7,0.721994827,0.203039102,"29.575234099067004,77.07634969273907"
3731,3731_28,7,0.734222312,0.199657758,"29.567328924566752,77.07239710548893"
3731,3731_19,7,0.74761905,0.19608005,"29.569125555134992,77.07095980103435"
3731,3731_33,7,0.748284942,0.19590556,"29.578108707976188,77.07024114880706"
24165,24165_29,7,0.319754341,0.259388113,"29.632007625023356,76.9074664193246"
24165,24165_35,7,0.427208677,0.19414511,"29.629133016114178,76.90351383207447"
24165,24165_28,7,0.444559216,0.186567891,"29.623383798295812,76.91249698491566"
24165,24165_0,7,0.456042422,0.181870088,"29.639194147296315,76.92112081164319"
24165,24165_43,7,0.465882352,0.178028798,"29.63847549506902,76.92219878998415"
4700,4700_10,7,0.383232429,0.210619157,"29.429347696925994,76.40656581689954"
4700,4700_43,7,0.391740057,0.206045029,"29.42719174024411,76.40512851244497"
4700,4700_32,7,0.401877512,0.200847494,"29.427551066357758,76.41518964362709"
4700,4700_22,7,0.42193152,0.191301402,"29.426113761903167,76.39973862074022"
4700,4700_42,7,0.422184176,0.191186918,"29.431503653607884,76.41447099139978"
16276,16276_15,4,0.391779564,0.222831846,"29.90006490580463,76.7511595598878"
16276,16276_38,4,0.412939032,0.211413687,"29.892519057418024,76.74720697263767"
16276,16276_49,4,0.461462425,0.189183255,"29.90006490580463,76.74145775481932"
16276,16276_12,4,0.461660338,0.189102152,"29.89683097078179,76.74864427709227"
16276,16276_5,4,0.465681982,0.18746906,"29.897190296895445,76.74541034206945"
9422,9422_17,7,0.377194511,0.236313652,"29.708184761116694,76.73642718922824"
9422,9422_22,7,0.44141999,0.201930621,"29.70459149998022,76.7339119064327"
9422,9422_43,7,0.467885019,0.190508798,"29.70998139168493,76.73247460197811"
9422,9422_28,7,0.475795097,0.187341596,"29.708184761116694,76.7421764070466"
9422,9422_29,7,0.484685307,0.183905333,"29.70437512869194,76.73796702162039"
23970,23970_47,7,0.48333685,0.209364388,"29.618353232704735,76.87800167800546"
23970,23970_42,7,0.498491721,0.202999407,"29.61547862379556,76.89201539643773"
23970,23970_45,7,0.500439066,0.202209481,"29.618712558818395,76.87800167800548"
23970,23970_22,7,0.51927495,0.194874649,"29.617993906591096,76.88375089582384"
23970,23970_38,7,0.531054432,0.190552075,"29.612604014886376,76.89273404866503"
4649,4649_22,7,0.42771479,0.215370995,"29.69992026050279,75.43674463616412"
4649,4649_12,7,0.452164684,0.203725242,"29.68231328093405,75.43207339668669"
4649,4649_14,7,0.452882054,0.203402539,"29.692374412116195,75.438900592846"
4649,4649_29,7,0.47146185,0.195386668,"29.692374412116195,75.4381819406187"
4649,4649_27,7,0.505820963,0.182114556,"29.685187889843235,75.43602598393682"
7383,7383_41,7,0.43909595,0.248562474,"30.062480309173434,76.9390871173256"
7383,7383_46,7,0.542732054,0.20109882,"30.0665208183911,76.94843637276651"
7383,7383_26,7,0.559870954,0.194942736,"30.06643289642356,76.95238218353056"
7383,7383_9,7,0.600328318,0.181805143,"30.057563485771517,76.9421373883195"
7383,7383_45,7,0.628735845,0.173590827,"30.059246374150607,76.93764981287102"
6260,6260_42,4,0.404922779,0.230743073,"30.104880790583877,74.60023344359202"
6260,6260_44,4,0.481963866,0.193859193,"30.098412920538212,74.59232826909178"
6260,6260_29,4,0.483875733,0.193093226,"30.09665257784627,74.58932886034347"
6260,6260_35,4,0.487895313,0.191502406,"30.095659343117227,74.5850284677341"
6260,6260_22,4,0.489686045,0.190802101,"30.099063196767123,74.58932886034347"
11524,11524_23,7,0.607919585,0.210595471,"30.09913157276551,77.09826858567158"
11524,11524_15,7,0.611043502,0.209518817,"30.09978817588366,77.09634308387665"
11524,11524_21,7,0.640007961,0.200036749,"30.100271515205907,77.09930009093792"
11524,11524_4,7,0.666094778,0.192202545,"30.110159963022014,77.09949971036332"
11524,11524_27,7,0.682267817,0.187646418,"30.103443486129287,77.08066160610285"
26388,26388_35,7,0.295075939,0.251107922,"29.53858283547493,75.19419950945185"
26388,26388_21,7,0.369702061,0.200420592,"29.53894216158858,75.1952774877928"
26388,26388_18,7,0.377371002,0.196347641,"29.539570657444045,75.19620519503975"
26388,26388_16,7,0.419451609,0.176649474,"29.534164987556228,75.18858676444377"
26388,26388_25,7,0.422260561,0.17547437,"29.533023051534695,75.18746523546722"
15622,15622_19,7,0.375991597,0.207003075,"29.99744228260318,76.54454704454031"
15622,15622_1,7,0.376796071,0.206561115,"29.99054396859862,76.53858635834207"
15622,15622_42,7,0.38847079,0.200353331,"29.993847737555864,76.53932067461959"
15622,15622_4,7,0.396043588,0.19652235,"29.99600497814859,76.54490637065396"
15622,15622_46,7,0.410589598,0.189560128,"29.99385764246385,76.54216731148168"
17960,17960_11,7,0.592182197,0.224452385,"30.107755399493055,77.14282502376392"
17960,17960_29,7,0.609011456,0.218249928,"30.105599442811172,77.13312321869543"
17960,17960_13,7,0.712653559,0.186509567,"30.117457204561546,77.14821491546863"
17960,17960_48,7,0.716317486,0.18555558,"30.109552030061295,77.14821491546863"
17960,17960_10,7,0.71756672,0.18523254,"30.1178165306752,77.13995041485471"
11888,11888_45,7,0.329555906,0.227586888,"29.70027958661644,76.70875907847736"
11888,11888_37,7,0.329572425,0.227575481,"29.696686325479963,76.70480649122723"
11888,11888_22,7,0.402236799,0.186463803,"29.697764303820914,76.70516581734088"
11888,11888_3,7,0.417718404,0.179553025,"29.698482956048206,76.70588446956818"
11888,11888_11,7,0.419428846,0.178820803,"29.708590883863778,76.70187114257871"
24370,24370_23,7,0.534132917,0.231008579,"30.160217012085642,76.96639590196283"
24370,24370_9,7,0.636160787,0.193959277,"30.16237296876752,76.96495859750823"
24370,24370_14,7,0.639495769,0.192947775,"30.15410846815362,76.96280264082637"
24370,24370_15,7,0.641326446,0.192397003,"30.15590509872187,76.96208398859906"
24370,24370_12,7,0.650487632,0.189687367,"30.160576338199288,76.96927051087202"
13325,13325_19,7,0.617328332,0.245662559,"30.093023028833496,77.1255773703088"
13325,13325_32,7,0.714925816,0.212126146,"30.090867072151607,77.1201874786041"
13325,13325_2,7,0.817249652,0.185566868,"30.08655515878784,77.12198410917233"
13325,13325_8,7,0.829321884,0.182865617,"30.09338235494714,77.12917063144529"
13325,13325_42,7,0.872686706,0.173778811,"30.081883919310414,77.11587556524032"
11526,11526_35,7,0.691741521,0.227066594,"30.09870283433283,77.10272454277316"
11526,11526_46,7,0.762294469,0.206050808,"30.081673457473954,77.11224123778835"
11526,11526_43,7,0.813069135,0.193183315,"30.084399202105953,77.11407893467208"
11526,11526_13,7,0.835734767,0.187944067,"30.08224626015235,77.11097638749467"
11526,11526_39,7,0.845582669,0.185755216,"30.097694268310917,77.11551623912668"
16274,16274_2,7,0.330570451,0.232417291,"29.86485094666714,76.59269674376911"
16274,16274_4,7,0.377152539,0.203711445,"29.86017970718971,76.57616774254133"
16274,16274_33,7,0.399450672,0.192339866,"29.860539033303365,76.57544909031401"
16274,16274_22,7,0.40337487,0.190468704,"29.857664424394184,76.58335426481428"
16274,16274_31,7,0.424329759,0.181062693,"29.866288251121734,76.58443224315522"
7960,7960_10,4,0.308748012,0.228452291,"29.922343124850787,76.65557881365748"
7960,7960_39,4,0.350692851,0.201128111,"29.926295712100917,76.66528061872599"
7960,7960_1,4,0.352862983,0.199891159,"29.922702450964437,76.67031118431704"
7960,7960_2,4,0.377444843,0.186872843,"29.929529647123747,76.66887387986246"
7960,7960_33,4,0.384056858,0.183655595,"29.918749863714314,76.67498242379448"
23813,23813_31,7,0.338804595,0.221954125,"29.795141680619466,76.63401924683862"
23813,23813_28,7,0.375741399,0.200135193,"29.798375615642296,76.64551768247533"
23813,23813_35,7,0.378720599,0.198560833,"29.79190774559663,76.6368938557478"
23813,23813_17,7,0.38758242,0.194020868,"29.79154841948298,76.63761250797509"
23813,23813_32,7,0.405759948,0.18532898,"29.799812920096883,76.64084644299791"
7223,7223_13,7,0.609875325,0.219806943,"30.10209916596607,74.60247421874931"
7223,7223_29,7,0.633847535,0.211493812,"30.087992463242426,74.60562333529671"
7223,7223_27,7,0.701030905,0.19122528,"30.089789093810666,74.60598266141038"
7223,7223_11,7,0.707527676,0.189469381,"30.088711115469724,74.60526400918309"
7223,7223_40,7,0.713040226,0.188004584,"30.099866407876785,74.59492450118786"